Sta.,Sj
IW.LOHW,-0.1628063576
IW.REDW,-0.32362312120000003
MB.BUT,-0.8225469763000001
US.AHID,-0.6661898747
US.BOZ,-0.3217545711
US.BW06,-0.0612538066
US.LKWY,0.0952551772
WY.YEE,0.1731715275
WY.YFT,0.299898023
WY.YHB,0.1622570718
WY.YHH,0.26963914310000003
WY.YHL,0.31841805370000004
WY.YHR,-0.015868147200000002
WY.YMP,0.2347770493
WY.YMR,0.0088750901
WY.YNE,-0.13246988910000002
WY.YNR,0.1744201693
WY.YPP,0.0117479896
WY.YTP,0.6418726914
WY.YUF,0.1161807578
